Date,Open,High,Low,Close,Volume
04-03-2019,359.72,362.25,348.04,351.04,"74,86,996"
05-03-2019,351.46,356.17,348.25,354.3,"59,37,754"
06-03-2019,353.6,359.88,351.7,359.61,"62,11,895"
07-03-2019,360.16,362.86,350.5,352.6,"61,51,331"
08-03-2019,345.75,349.92,342.47,349.6,"68,98,838"
11-03-2019,352,358.98,350.03,358.86,"53,87,285"
12-03-2019,359.37,360.13,353.8,356.27,"51,64,571"
13-03-2019,355.81,362.48,352.77,361.21,"64,44,092"
14-03-2019,360.5,363.84,358.1,358.82,"52,71,429"
15-03-2019,361.02,364,358.89,361.46,"84,43,210"
18-03-2019,362.47,370.97,361.86,363.44,"71,94,726"
19-03-2019,366.4,366.96,356.8,358.78,"75,41,425"
20-03-2019,358.91,375.9,357.01,375.22,"1,09,17,170"
21-03-2019,374,379,370.61,377.87,"85,44,017"
22-03-2019,375.95,376.43,360.04,361.01,"86,61,346"
25-03-2019,359,367.04,357.44,366.23,"84,73,845"
26-03-2019,367.87,368.38,358.02,359.97,"76,66,475"
27-03-2019,361,362.47,350.37,353.37,"78,52,370"
28-03-2019,354.49,355.94,349.2,354.61,"43,60,960"
29-03-2019,357.16,358.25,353.71,356.56,"47,05,636"
01-04-2019,359,368.33,358.51,366.96,"70,36,097"
02-04-2019,366.25,368.42,362.22,367.72,"51,58,742"
03-04-2019,369.26,373.41,366.19,369.75,"53,76,623"
04-04-2019,370.07,372.05,362.4,367.88,"46,27,305"
05-04-2019,369,369.8,364.66,365.49,"39,05,493"
08-04-2019,365.11,365.94,359.93,361.41,"46,53,810"
09-04-2019,360.54,366.74,359,364.71,"54,39,228"
10-04-2019,365.79,368.85,362.25,363.92,"45,45,561"
11-04-2019,365,370.12,360.81,367.65,"65,26,899"
12-04-2019,360.69,361.75,349.36,351.14,"1,56,46,200"
15-04-2019,350.71,352.21,342.27,348.87,"88,42,344"
16-04-2019,355,364.48,352.72,359.46,"1,87,40,230"
17-04-2019,365.05,368.76,350.6,354.74,"1,80,54,100"
18-04-2019,355,360.41,351.64,360.35,"83,53,165"
22-04-2019,359.7,377.69,359,377.34,"1,19,80,530"
23-04-2019,375.45,384.8,374.71,381.89,"1,00,89,820"
24-04-2019,381.07,381.9,373.27,374.23,"65,41,872"
25-04-2019,374.49,374.76,365.7,368.33,"62,55,496"
26-04-2019,368.35,375.14,366.24,374.85,"56,21,901"
29-04-2019,373.68,374.58,369.12,371.83,"38,21,703"
30-04-2019,369.56,374.5,368.35,370.54,"38,70,095"
01-05-2019,374,385.99,373.17,378.81,"92,57,284"
02-05-2019,378,383.5,374.51,379.06,"53,98,167"
03-05-2019,381.53,385.03,378.27,385.03,"51,30,301"
06-05-2019,377.69,381.35,376,378.67,"57,93,144"
07-05-2019,377,379.91,365.81,370.46,"69,74,924"
08-05-2019,367.92,369,361.36,364.37,"65,71,957"
09-05-2019,360.9,364.2,352.75,362.75,"58,82,572"
10-05-2019,361.62,365.26,353.06,361.04,"56,57,123"
13-05-2019,352.29,354.26,343.1,345.26,"80,26,697"
14-05-2019,348.71,349.95,342.5,345.61,"53,53,029"
15-05-2019,343.34,356.5,341.39,354.99,"63,40,118"
16-05-2019,356.37,364,353.94,359.31,"64,41,463"
17-05-2019,356.39,359.62,353.79,354.45,"47,25,448"
20-05-2019,351.23,352.42,345.4,348.11,"46,21,515"
21-05-2019,350.95,356.43,349.93,354.27,"40,26,369"
22-05-2019,358.01,370.46,357.3,359.73,"62,29,389"
23-05-2019,355.5,357.42,347.7,352.21,"56,30,443"
24-05-2019,355.41,359.44,353.79,354.39,"38,30,963"
28-05-2019,354.39,361.2,353.64,354.78,"47,17,144"
29-05-2019,353.6,353.85,345.9,349.19,"56,58,913"
30-05-2019,350.55,354.21,348.3,351.85,"40,08,042"
31-05-2019,347.22,349.34,342.92,343.28,"50,23,449"
03-06-2019,343.56,347.66,332.65,336.63,"78,49,589"
04-06-2019,345,353.61,343.25,353.4,"78,91,632"
05-06-2019,354.38,357.88,348.71,355.73,"50,20,081"
06-06-2019,354.84,358.21,352.09,357.13,"37,09,955"
07-06-2019,357.39,365.15,355.69,360.87,"47,77,321"
10-06-2019,363.65,367.1,349.29,352.01,"78,10,261"
11-06-2019,355,357.58,348.5,351.27,"53,96,712"
12-06-2019,351.82,353.61,343.23,345.56,"45,84,704"
13-06-2019,347.23,348.5,339.25,343.43,"62,09,347"
14-06-2019,341.63,343.4,336.16,339.73,"50,19,011"
17-06-2019,342.69,351.77,342.06,350.62,"53,58,219"
18-06-2019,355.57,361.5,353.75,357.12,"54,28,542"
19-06-2019,361.72,364.74,356.12,363.52,"56,67,156"
20-06-2019,365.91,370.12,361.22,365.21,"58,99,467"
21-06-2019,365,371.45,365,369.21,"74,48,356"
24-06-2019,370.27,375,370.2,371.04,"48,30,240"
25-06-2019,370.75,371,358.29,360.3,"57,50,383"
26-06-2019,361.6,366.79,361.6,362.2,"36,69,677"
27-06-2019,363.2,370.85,363.2,370.02,"41,38,575"
28-06-2019,370.26,371.54,364.87,367.32,"45,92,706"
01-07-2019,373.5,376.66,372,374.6,"50,01,518"
02-07-2019,374.89,376,370.31,375.43,"36,28,962"
03-07-2019,376.69,381.99,375.84,381.72,"37,99,009"
05-07-2019,378.29,381.4,375.56,380.55,"37,32,162"
08-07-2019,378.19,378.25,375.36,376.16,"31,13,402"
09-07-2019,379.06,384.76,377.5,379.93,"69,32,822"
10-07-2019,382.77,384.34,377.4,381,"58,78,790"
11-07-2019,381.1,384.54,378.8,379.5,"43,36,287"
12-07-2019,378.68,379.74,372.79,373.25,"66,36,937"
15-07-2019,372.94,373.68,362.3,366.6,"79,44,680"
16-07-2019,370.09,371.34,364.92,365.99,"58,63,222"
17-07-2019,366.25,366.5,361.75,362.44,"1,36,39,540"
18-07-2019,323.76,329.85,320.3,325.21,"3,13,05,900"
19-07-2019,323.4,325.85,314.23,315.1,"1,63,02,480"
22-07-2019,312,314.54,305.81,310.62,"1,77,25,330"
23-07-2019,311.44,313.5,306,307.3,"91,71,068"
24-07-2019,310.51,319.99,307.25,317.94,"1,19,61,820"
25-07-2019,318.86,327.69,316.3,326.46,"1,07,98,500"
26-07-2019,328.79,336,327.5,335.78,"1,08,47,500"
29-07-2019,335.98,336.4,328.77,332.7,"57,82,817"
30-07-2019,329.2,329.65,323.23,325.93,"60,29,320"
31-07-2019,325.16,331.77,318.53,322.99,"62,59,494"
01-08-2019,324.25,328.58,318.74,319.5,"65,63,156"
02-08-2019,317.49,319.41,311.8,318.83,"62,80,343"
05-08-2019,310.96,313.42,304.68,307.63,"86,92,485"
06-08-2019,310.58,311.88,305.3,310.1,"61,79,090"
07-08-2019,302.56,305,296.81,304.29,"93,22,433"
08-08-2019,311.03,316.36,306.63,315.9,"59,05,865"
09-08-2019,313.74,316.64,305.68,308.93,"53,49,059"
12-08-2019,305.46,312.89,303.24,310.83,"65,31,722"
13-08-2019,309.77,316.43,308.16,312.28,"53,38,761"
14-08-2019,308.01,308.41,298.01,299.11,"73,55,753"
15-08-2019,299.5,300.63,288,295.76,"96,83,384"
16-08-2019,298.86,303.55,296.27,302.8,"70,90,757"
19-08-2019,306.25,311.75,304.75,309.38,"49,51,733"
20-08-2019,304.57,305,297.68,298.99,"73,52,162"
21-08-2019,301.61,302.88,296.2,297.81,"56,89,746"
22-08-2019,298.65,300.33,293.15,296.93,"49,77,042"
23-08-2019,295,299.01,290.32,291.44,"63,31,189"
26-08-2019,295.24,296.95,292.5,294.98,"46,96,982"
27-08-2019,294.54,296.77,287.2,291.03,"63,14,559"
28-08-2019,289.47,292.82,287.75,291.77,"39,58,043"
29-08-2019,295,299.93,294.99,296.78,"43,92,532"
30-08-2019,298.78,298.94,290.85,293.75,"44,47,990"
03-09-2019,290.82,293.9,288.06,289.29,"36,84,177"
04-09-2019,291.25,292.38,286.51,291.52,"46,53,665"
05-09-2019,285.32,293.97,282.79,293.25,"89,72,356"
06-09-2019,293.35,293.35,287.03,290.17,"51,66,556"
09-09-2019,294.81,301.55,290.6,294.34,"82,32,744"
10-09-2019,291.16,297.17,282.66,287.99,"1,23,20,250"
11-09-2019,285.7,292.65,284.61,288.27,"74,05,949"
12-09-2019,288.1,292.73,286.6,288.86,"50,10,927"
13-09-2019,290.61,296.62,290.04,294.15,"65,83,124"
16-09-2019,294.23,297.43,289.78,294.29,"53,07,386"
17-09-2019,294.5,299.15,291.79,298.6,"48,17,119"
18-09-2019,294.99,296.05,287.45,291.56,"78,41,539"
19-09-2019,291.56,293.81,283.4,286.6,"85,45,761"
20-09-2019,280.26,282.5,266,270.75,"2,39,54,189"
23-09-2019,268.35,273.39,261.89,265.92,"1,36,10,290"
24-09-2019,262.5,265,252.28,254.59,"1,63,92,811"
25-09-2019,255.71,266.6,253.7,264.75,"1,18,46,750"
26-09-2019,266.42,268.05,260.2,263.31,"76,96,858"
27-09-2019,266.18,267.44,260.39,263.08,"73,67,491"
30-09-2019,264,268.88,262.78,267.62,"68,23,100"
01-10-2019,267.35,272.2,264.03,269.58,"87,86,284"
02-10-2019,263.61,269.35,262.19,268.03,"77,73,299"
03-10-2019,267.78,268.84,257.01,268.15,"90,68,810"
04-10-2019,268.2,275.48,266.47,272.79,"99,92,774"
07-10-2019,271.99,276.68,271.28,274.46,"67,96,811"
08-10-2019,273.03,275.53,270.64,270.72,"63,02,269"
09-10-2019,270.02,271,264.57,267.53,"68,43,488"
10-10-2019,265.97,280.53,265.03,280.48,"1,09,61,190"
11-10-2019,284.8,287.87,275.89,282.93,"88,17,301"
14-10-2019,283.93,286.93,282,285.53,"55,43,120"
15-10-2019,283.82,285.87,279.4,284.25,"77,28,161"
16-10-2019,283.12,288.17,280.74,286.28,"1,84,13,340"
17-10-2019,304.49,308.75,288.3,293.35,"3,84,62,340"
18-10-2019,289.36,290.9,273.36,275.3,"2,34,49,641"
21-10-2019,272.89,279.94,269,278.05,"1,26,33,960"
22-10-2019,271.16,275.41,265.8,266.69,"1,18,65,590"
23-10-2019,268.06,273.92,266.63,271.27,"71,54,430"
24-10-2019,271.81,274.02,268.8,271.5,"49,11,033"
25-10-2019,270.68,277.77,270.18,276.82,"47,47,829"
28-10-2019,278.05,285.75,277.35,281.86,"62,48,433"
29-10-2019,281.87,284.41,277.55,281.21,"43,56,181"
30-10-2019,284.34,293.49,283,291.45,"93,45,562"
31-10-2019,291,291.45,284.78,287.41,"50,90,021"
01-11-2019,288.7,289.12,283.02,286.81,"55,94,293"
04-11-2019,288,295.39,287.16,292.86,"55,66,213"
05-11-2019,289.99,291.19,286.31,288.03,"40,62,370"
06-11-2019,288.19,290.56,285.84,288.59,"34,38,257"
07-11-2019,290.7,298.19,288.27,289.57,"59,28,471"
08-11-2019,288.73,293.99,287.51,291.57,"45,09,588"
11-11-2019,289.16,296.36,288.5,294.18,"39,45,885"
12-11-2019,295.32,295.35,288.7,292.01,"57,74,833"
13-11-2019,291.03,293.41,281.14,283.11,"92,33,066"
14-11-2019,283.25,290.63,283.22,289.62,"65,39,771"
15-11-2019,290.59,295.82,287.57,295.03,"63,37,779"
18-11-2019,296,304.99,293.28,302.57,"86,21,566"
19-11-2019,304.01,305.67,298.52,302.6,"59,19,710"
20-11-2019,301.01,308.25,301,305.16,"51,15,546"
21-11-2019,306,312.69,304.26,311.69,"74,88,373"
22-11-2019,309.1,311.4,304.41,310.48,"59,70,056"
25-11-2019,308.83,315.73,305.25,315.55,"78,78,943"
26-11-2019,315,316.5,311.69,312.49,"53,28,348"
27-11-2019,313.93,316.82,312.75,315.93,"41,00,975"
29-11-2019,315.78,316.62,313.34,314.66,"24,11,749"
02-12-2019,314.39,314.39,303.75,309.99,"62,23,135"
03-12-2019,302.22,307.36,301.88,306.16,"52,72,447"
04-12-2019,308.43,308.43,303.27,304.32,"35,13,551"
05-12-2019,305.27,306.48,298.81,302.86,"46,18,867"
06-12-2019,304.7,307.85,302.6,307.35,"44,59,684"
09-12-2019,307.35,311.49,302.44,302.5,"57,66,006"
10-12-2019,296.12,298.94,292.02,293.12,"1,04,81,240"
11-12-2019,294.49,299.43,294.2,298.93,"56,07,155"
12-12-2019,295.67,299.17,295.06,298.44,"47,71,404"
13-12-2019,298.5,301.8,297.25,298.5,"38,79,324"
16-12-2019,300.85,305.71,298.63,304.21,"46,60,166"
17-12-2019,307.36,316.8,306.6,315.48,"1,04,37,130"
18-12-2019,316.26,325.36,315.6,320.8,"1,12,10,740"
19-12-2019,324.5,332.83,324.18,332.22,"98,33,355"
20-12-2019,335,338,330.6,336.9,"99,23,260"
23-12-2019,337.76,337.95,331.02,333.1,"57,67,937"
24-12-2019,334.01,335.7,331.6,333.2,"20,19,322"
26-12-2019,334.6,336.46,332.01,332.63,"35,95,854"
27-12-2019,332.96,333.82,326.01,329.09,"50,37,156"
30-12-2019,329.08,329.19,322.86,323.31,"43,15,267"
31-12-2019,322,324.92,321.09,323.57,"37,14,837"
02-01-2020,326.1,329.98,324.78,329.81,"43,48,493"
03-01-2020,326.78,329.86,325.53,325.9,"37,95,466"
06-01-2020,323.12,336.36,321.2,335.83,"56,68,577"
07-01-2020,336.47,336.7,330.3,330.75,"47,42,458"
08-01-2020,331.49,342.7,331.05,339.26,"71,09,117"
09-01-2020,342,343.42,334.61,335.66,"47,17,430"
10-01-2020,337.13,338.5,327.27,329.05,"47,20,540"
13-01-2020,331.8,340.85,331.51,338.92,"62,96,174"
14-01-2020,344.4,345.38,335.52,338.69,"72,01,544"
15-01-2020,338.68,343.17,336.6,339.07,"51,58,035"
16-01-2020,343.5,343.56,335.85,338.62,"50,15,997"
17-01-2020,341,341.57,337.38,339.67,"60,66,547"
21-01-2020,340,341,332.59,338.11,"1,43,50,320"
22-01-2020,332.55,336.3,323.6,326,"2,17,29,961"
23-01-2020,326.04,349.88,325.01,349.6,"1,82,00,289"
24-01-2020,348.46,359.85,345.88,353.16,"1,79,39,680"
27-01-2020,345.95,351.9,341.02,342.88,"77,09,482"
28-01-2020,345.88,352.4,342.78,348.52,"68,21,581"
29-01-2020,349,349.4,338.55,343.16,"76,49,183"
30-01-2020,341.1,348.2,339.25,347.74,"53,28,136"
31-01-2020,347.39,347.39,340.98,345.09,"52,30,001"
03-02-2020,347.24,359.63,346.28,358,"66,74,885"
04-02-2020,361,369.57,356.1,369.01,"71,61,451"
05-02-2020,375.13,375.25,362.3,369.67,"64,37,026"
06-02-2020,369.6,371.55,362.51,366.95,"39,20,428"
07-02-2020,365.04,371.8,363.57,366.77,"43,85,227"
10-02-2020,365,374.8,362.52,371.07,"52,94,138"
11-02-2020,373.75,378.11,369.72,373.69,"47,72,870"
12-02-2020,377.18,380.62,375.88,380.01,"46,24,772"
13-02-2020,376.96,385.37,376.51,381.4,"44,85,383"
14-02-2020,381.47,385.15,379.43,380.4,"37,36,266"
18-02-2020,379.3,389.54,379.19,387.78,"51,80,400"
19-02-2020,388.12,392.95,384.9,386.19,"48,96,368"
20-02-2020,386.56,389.7,376.68,386,"40,79,425"
21-02-2020,385.33,387.32,377.9,380.07,"39,35,618"
24-02-2020,364.76,372.82,361,368.7,"69,36,418"
25-02-2020,372,375.65,357.72,360.09,"64,81,243"
26-02-2020,366.31,382,365,379.24,"89,61,126"
27-02-2020,371.46,391.56,370.6,371.71,"1,09,67,700"
28-02-2020,364.21,376.77,356.8,369.03,"1,11,78,570"
02-03-2020,373.11,381.36,364.5,381.05,"69,97,891"
03-03-2020,381.03,393.52,367.4,368.77,"83,64,623"
04-03-2020,377.77,384.01,370.51,383.79,"54,87,340"
05-03-2020,381,391.4,368.64,372.78,"87,46,985"
06-03-2020,367.7,371.31,356.85,368.97,"81,47,165"
09-03-2020,343.86,357.47,341.72,346.49,"74,05,458"
10-03-2020,356.43,364.54,347.85,364.13,"76,04,444"
11-03-2020,358.92,362.98,344.79,349.92,"60,58,782"
12-03-2020,326.5,335.72,307.32,315.25,"1,20,71,590"
13-03-2020,330.51,336.42,307.39,336.3,"94,58,197"
16-03-2020,306.63,334.35,294.75,298.84,"1,05,59,940"
17-03-2020,306.19,322.9,290.25,319.75,"1,00,13,910"
18-03-2020,302.4,331.58,300,315.47,"1,25,93,650"
19-03-2020,324.33,348.51,316.82,332.03,"1,06,15,960"
20-03-2020,342.31,350.49,332,332.83,"1,08,53,850"
23-03-2020,347.89,366.11,340.88,360.27,"1,34,49,380"
24-03-2020,369.99,372.93,353.03,357.32,"1,16,38,680"
25-03-2020,361.02,362,339.17,342.39,"87,67,171"
26-03-2020,344,363.84,341.73,362.99,"72,35,016"
27-03-2020,359.09,368.56,353,357.12,"79,48,775"
30-03-2020,363,377.8,361.17,370.96,"86,21,964"
31-03-2020,367.93,383.01,366.44,375.5,"93,66,464"
01-04-2020,376.05,380.23,361.02,364.08,"66,72,454"
02-04-2020,364.08,370.99,360.06,370.08,"45,92,477"
03-04-2020,367.47,370.9,357.51,361.76,"48,60,768"
06-04-2020,365.22,380.29,361.71,379.96,"81,21,240"
07-04-2020,380,381.33,369.34,372.28,"70,46,438"
08-04-2020,374.01,378.39,368.31,371.12,"69,08,879"
09-04-2020,371.06,372.1,363.03,370.72,"77,11,296"
13-04-2020,371.31,400.51,367.7,396.72,"1,16,92,920"
14-04-2020,397.5,417.82,394.85,413.55,"1,15,80,980"
15-04-2020,413,434.98,412.25,426.75,"1,35,61,220"
16-04-2020,437,449.52,431.61,439.17,"1,61,28,670"
17-04-2020,431,432,414.7,422.96,"1,26,16,260"
20-04-2020,435.17,444.49,430.56,437.49,"1,26,55,820"
21-04-2020,444.77,447,425.6,433.83,"2,31,77,551"
22-04-2020,429.73,433,413,421.42,"2,11,23,770"
23-04-2020,419.26,438.41,419.26,426.7,"1,39,52,330"
24-04-2020,425,427.17,415.88,424.99,"86,70,362"
27-04-2020,425,429,420.84,421.38,"62,77,480"
28-04-2020,419.99,421,402.91,403.83,"1,01,01,230"
29-04-2020,399.53,415.86,393.6,411.89,"96,93,137"
30-04-2020,410.31,424.44,408,419.85,"79,53,975"
01-05-2020,415.1,427.97,411.73,415.27,"82,99,858"
04-05-2020,417.78,428.54,414.87,428.15,"77,99,058"
05-05-2020,427.56,431,421.56,424.68,"62,86,293"
06-05-2020,429.3,439.77,426.39,434.26,"66,60,737"
07-05-2020,436.89,438.88,430.66,436.53,"56,50,281"
08-05-2020,434.14,442,433.64,435.55,"50,54,308"
11-05-2020,436.33,444.89,435.56,440.52,"54,86,037"
12-05-2020,442,444.17,431.36,431.82,"45,98,211"
13-05-2020,435.69,447,427.27,438.27,"70,14,563"
14-05-2020,444.9,452.38,432.82,441.95,"90,07,467"
15-05-2020,440.7,455,437.51,454.19,"72,43,998"
18-05-2020,451.16,456.36,443.35,452.58,"77,80,309"
19-05-2020,453.4,458.97,450.47,451.04,"48,10,487"
20-05-2020,454.25,455.81,444,447.67,"56,07,257"
21-05-2020,448.56,448.96,430.25,436.25,"91,17,325"
22-05-2020,437,439.09,427.18,429.32,"54,22,334"
26-05-2020,427.77,428.5,413.14,414.77,"78,81,115"
27-05-2020,410.38,420.02,397.86,419.89,"1,04,46,340"
28-05-2020,417.24,422.37,411.5,413.44,"56,60,160"
29-05-2020,417.46,420.3,411.85,419.73,"52,70,484"
01-06-2020,418.83,426.72,415.98,425.92,"37,48,573"
02-06-2020,425.87,427.59,419.46,427.31,"34,94,801"
03-06-2020,426.95,427.1,418.05,421.97,"43,16,044"
04-06-2020,422.39,428.71,410.03,414.33,"54,10,529"
05-06-2020,407.29,420.24,404.25,419.6,"50,99,561"
08-06-2020,416,420.8,406.5,419.49,"58,51,453"
09-06-2020,421.65,434.73,420.31,434.05,"67,96,999"
10-06-2020,436,439.69,430.55,434.48,"48,96,893"
11-06-2020,428.2,445.57,424.16,425.56,"74,62,868"
12-06-2020,429,434.06,412.45,418.07,"64,61,127"
15-06-2020,421.4,426.49,415.42,425.5,"44,71,499"
16-06-2020,425.76,437.96,425.18,436.13,"55,14,016"
17-06-2020,441.82,450.46,439.22,447.77,"65,29,568"
18-06-2020,448.73,452.76,442.8,449.87,"42,77,627"
19-06-2020,449.12,453.97,445.6,453.72,"59,33,651"
22-06-2020,455.01,468.59,454.21,468.04,"62,72,105"
23-06-2020,466.5,474.01,464.5,466.26,"59,48,436"
24-06-2020,468.54,472.36,454,457.85,"48,26,191"
25-06-2020,458.86,467.01,454,465.91,"41,34,513"
26-06-2020,466.39,468.03,442.24,443.4,"68,04,726"
29-06-2020,445.23,447.67,432.14,447.24,"48,43,978"
30-06-2020,450.02,457.59,447,455.04,"41,98,545"
01-07-2020,454,488.23,454,485.64,"97,05,870"
02-07-2020,485.64,492.28,475.53,476.89,"63,51,485"
06-07-2020,480.77,499.5,479.8,493.81,"78,38,990"
07-07-2020,497.31,504.82,490.83,493.16,"56,69,870"
08-07-2020,498.58,505.1,493.81,502.78,"56,91,682"
09-07-2020,508.4,510,495.78,507.76,"58,40,541"
10-07-2020,519.73,555.88,511.28,548.73,"2,16,05,590"
13-07-2020,567.98,575.37,520.96,525.5,"1,83,99,020"
14-07-2020,517.08,525.5,490.49,524.88,"1,50,83,300"
15-07-2020,516.3,529,510.18,523.26,"1,00,66,650"
16-07-2020,526.48,535.54,504.36,527.39,"2,44,98,990"
17-07-2020,494.87,503.59,484.14,492.99,"2,49,91,350"
20-07-2020,489.14,504.5,484.2,502.41,"1,19,40,310"
21-07-2020,506,506.22,488.61,490.1,"91,27,218"
22-07-2020,492.19,497.2,487.2,489.82,"69,54,078"
23-07-2020,491.13,491.9,472.02,477.58,"77,22,034"
24-07-2020,468.77,487.17,467.54,480.45,"77,46,247"
27-07-2020,484.51,496.92,482.31,495.65,"78,63,069"
28-07-2020,496.02,497.79,487.76,488.51,"59,86,727"
29-07-2020,492.25,494.92,484.13,484.48,"66,11,769"
30-07-2020,480.71,488.35,477.51,485.8,"66,08,569"
31-07-2020,488.29,494.8,484.5,488.88,"59,24,310"
03-08-2020,490.86,503.09,490.23,498.62,"58,76,190"
04-08-2020,498.65,510.44,498.65,509.64,"56,07,968"
05-08-2020,508.68,510.1,501.2,502.11,"43,13,526"
06-08-2020,504.11,510.82,498.7,509.08,"37,25,861"
07-08-2020,505.45,508.29,486.68,494.73,"59,10,348"
10-08-2020,493.35,497.46,478.63,483.38,"46,91,185"
11-08-2020,479.75,480.92,466.55,466.93,"73,29,226"
12-08-2020,471.34,482.49,470.18,475.47,"54,41,243"
13-08-2020,478.4,484.45,476.45,481.33,"30,08,933"
14-08-2020,482.82,488.33,480.21,482.68,"29,43,487"
17-08-2020,484.19,486.24,479.1,482.35,"24,23,545"
18-08-2020,484.35,495.3,482.8,491.87,"35,05,518"
19-08-2020,493.93,494.5,483.5,484.53,"31,56,218"
20-08-2020,484.69,498.94,483.89,497.9,"51,32,480"
21-08-2020,496.46,498.13,490,492.31,"39,21,293"
24-08-2020,495.44,501,483.16,488.81,"47,62,183"
25-08-2020,488.19,492.47,485.09,490.58,"57,27,721"
26-08-2020,492.5,549.04,492.08,547.53,"2,03,73,680"
27-08-2020,537.78,541,521.25,526.27,"90,62,912"
28-08-2020,532,539,522,523.89,"44,17,517"
31-08-2020,521.16,531.99,517.58,529.56,"49,41,409"
01-09-2020,532.6,557.39,532.45,556.55,"95,81,907"
02-09-2020,553.78,556.5,537.37,552.84,"58,86,930"
03-09-2020,545,554,521.32,525.75,"90,71,089"
04-09-2020,520.18,527.36,485.98,516.05,"82,70,118"
08-09-2020,498.4,522,495,507.02,"55,72,684"
09-09-2020,519.21,520,492.57,500.19,"68,48,127"
10-09-2020,503.35,506.29,478.84,480.67,"62,40,181"
11-09-2020,486.49,493.73,476.81,482.03,"50,35,200"
14-09-2020,480.62,488.99,471.3,476.26,"73,59,126"
15-09-2020,484,497.47,481.63,495.99,"53,36,992"
16-09-2020,499.99,504.66,483.31,483.86,"44,01,412"
17-09-2020,475.16,478.4,463.27,470.2,"53,79,301"
18-09-2020,472.51,479.4,458.6,469.96,"67,17,711"
21-09-2020,467.69,487.78,466.32,487.35,"54,57,539"
22-09-2020,489.01,491.82,479.26,491.17,"34,82,324"
23-09-2020,491.04,491.04,469,470.61,"37,26,423"
24-09-2020,470.53,477,467.82,473.08,"37,27,201"
25-09-2020,474.39,484.87,468.03,482.88,"37,69,436"
28-09-2020,489.11,492,477.88,490.65,"47,73,497"
29-09-2020,489.5,496.29,486.53,493.48,"35,43,193"
30-09-2020,492.57,504.63,489.27,500.03,"46,34,111"
01-10-2020,506.03,529.55,503.6,527.51,"81,53,710"
02-10-2020,516.43,526.37,502.7,503.06,"60,71,165"
05-10-2020,506.8,520.99,501.7,520.65,"40,88,069"
06-10-2020,518.72,521.82,504.16,505.87,"41,99,034"
07-10-2020,518,536.49,515.82,534.66,"79,88,683"
08-10-2020,533.48,535,524.15,531.79,"53,86,488"
09-10-2020,537.83,544.28,535,539.44,"47,81,259"
12-10-2020,548.81,551.81,538.24,539.81,"53,91,074"
13-10-2020,540.56,557.65,537.2,554.09,"56,02,498"
14-10-2020,562.61,572.49,541,541.45,"95,10,081"
15-10-2020,545.52,551.22,535.1,541.94,"51,13,126"
16-10-2020,549.5,554.33,530.03,530.79,"63,47,363"
19-10-2020,537.07,541.8,525.38,530.72,"75,67,506"
20-10-2020,528.14,533.78,522.26,525.42,"1,00,47,180"
21-10-2020,501.03,506.85,488.25,489.05,"1,74,05,711"
22-10-2020,494.69,495.14,482,485.23,"69,97,922"
23-10-2020,488.11,490.06,481.35,488.28,"49,27,862"
26-10-2020,487.03,496.82,478.9,488.24,"61,86,087"
27-10-2020,490.01,490.49,482.93,488.93,"36,27,175"
28-10-2020,486.36,494,483.28,486.24,"59,92,731"
29-10-2020,488.5,513.9,479.34,504.21,"1,11,20,690"
30-10-2020,502.01,505.88,472.21,475.74,"78,13,897"
02-11-2020,478.87,486.3,475,484.12,"44,08,193"
03-11-2020,484.93,495.31,478.76,487.22,"36,90,213"
04-11-2020,495.36,507.73,493.98,496.95,"51,37,330"
05-11-2020,506.56,518.73,503.45,513.76,"53,72,781"
06-11-2020,515,515.21,502.51,514.73,"42,36,349"
09-11-2020,485.54,495.85,467.26,470.5,"1,04,19,680"
10-11-2020,470.95,484.6,463.41,480.24,"83,06,142"
11-11-2020,483,491.68,478.26,490.76,"54,60,532"
12-11-2020,491,496.52,480.43,486.77,"50,71,155"
13-11-2020,486.77,488.94,477.8,482.84,"30,06,510"
16-11-2020,480,485.58,477.3,479.1,"39,53,563"
17-11-2020,480.12,487.51,478.85,480.63,"36,98,082"
18-11-2020,481.95,488.61,477.72,481.79,"36,29,237"
19-11-2020,482,487.8,480.47,484.67,"22,54,653"
20-11-2020,485.22,494.76,481.57,488.24,"42,55,924"
23-11-2020,490.46,491.15,475.84,476.62,"54,16,571"
24-11-2020,478.84,484.05,475.89,482.88,"35,57,894"
25-11-2020,485.13,486.9,478.92,485,"35,98,629"
27-11-2020,486.58,493.25,481.85,491.36,"28,05,762"
30-11-2020,490.08,492.55,481.27,490.7,"35,30,940"
01-12-2020,492.34,509.47,491.98,504.58,"50,63,234"
02-12-2020,501.62,506.8,493.5,503.38,"30,28,358"
03-12-2020,502.99,508.77,496.04,497.52,"28,26,116"
04-12-2020,497.5,504.5,493.64,498.31,"36,66,243"
07-12-2020,500.01,517.76,497.77,515.78,"42,89,293"
08-12-2020,517.9,521.49,505.55,512.66,"42,28,950"
09-12-2020,510.53,514.5,491.29,493.6,"41,78,768"
10-12-2020,494.56,503.77,492.91,501.09,"30,18,203"
11-12-2020,495,503.34,494.85,503.22,"32,10,928"
14-12-2020,505.44,524.16,501.18,522.42,"57,70,424"
15-12-2020,518.5,524.7,513.56,519.78,"33,98,209"
16-12-2020,520.11,527.38,517.69,524.83,"36,82,392"
17-12-2020,529,535.49,526.44,532.9,"31,93,377"
18-12-2020,533.2,536.37,526.02,534.45,"45,02,692"
21-12-2020,530.05,532.62,521.15,528.91,"38,93,964"
22-12-2020,527.69,530.4,520.5,527.33,"19,08,529"
23-12-2020,524.76,526.32,514.2,514.48,"23,93,187"
24-12-2020,515.12,519.35,512.21,513.97,"11,43,952"
28-12-2020,516.43,523.66,507.13,519.12,"28,91,867"
29-12-2020,519.9,536.55,515.48,530.87,"40,22,358"
30-12-2020,530.13,533.26,523.69,524.59,"18,76,286"
31-12-2020,525.53,545.5,523.15,540.73,"53,92,322"
04-01-2021,539,540.8,515.09,522.86,"44,44,407"
05-01-2021,521.55,526.78,515.89,520.8,"31,33,872"
06-01-2021,511.97,513.1,499.5,500.49,"53,46,210"
07-01-2021,508.28,516.44,506.42,508.89,"36,86,448"
08-01-2021,511.31,513.24,504.51,510.4,"29,73,949"
11-01-2021,507.84,510.73,497.95,499.1,"38,12,720"
12-01-2021,500,501.09,485.67,494.25,"59,90,425"
13-01-2021,495.5,512.35,493.01,507.79,"50,32,099"
14-01-2021,507.35,514.5,499.58,500.86,"41,77,357"
15-01-2021,500,506.32,495.1,497.98,"58,95,788"
19-01-2021,501,509.25,493.54,501.77,"1,23,15,810"
20-01-2021,565.42,593.29,556.86,586.34,"3,26,37,449"
21-01-2021,582.45,588.75,570.4,579.84,"1,18,40,630"
22-01-2021,582.1,583.99,564.35,565.17,"75,50,822"
25-01-2021,567,569.75,548.65,556.78,"72,07,329"
26-01-2021,554.73,567.99,554.06,561.93,"50,23,847"
27-01-2021,550.71,556.42,515.73,523.28,"86,70,277"
28-01-2021,535.88,553.15,530.74,538.6,"59,68,978"
29-01-2021,538,541,530.18,532.39,"43,25,264"
01-02-2021,536.79,545.06,531.73,539.04,"35,47,507"
02-02-2021,542.01,555.48,538.94,548.16,"37,67,569"
03-02-2021,550.17,550.48,538.24,539.45,"31,72,288"
04-02-2021,539.81,559.48,537.51,552.16,"51,64,537"
05-02-2021,552.26,554.44,545.48,550.79,"23,76,175"
08-02-2021,555,555,543.7,547.92,"27,91,721"
09-02-2021,546,566,543,559.07,"37,03,499"
10-02-2021,562.5,566.65,553.46,563.59,"39,91,264"
11-02-2021,564.44,565.93,554.22,557.59,"27,30,587"
12-02-2021,556.94,561.25,550.85,556.52,"21,97,128"
16-02-2021,557.29,563.63,552.73,557.28,"26,24,097"
17-02-2021,550.99,555.25,543.03,551.34,"20,71,590"
18-02-2021,549,550,538.23,548.22,"24,57,604"
19-02-2021,548,548.99,538.81,540.22,"28,41,457"
22-02-2021,534.99,541.79,530.79,533.78,"30,78,594"
23-02-2021,525,548.54,518.28,546.15,"41,36,532"
24-02-2021,539.8,556.85,539.07,553.41,"32,45,038"
25-02-2021,550.27,556.48,535.75,546.7,"42,52,879"
26-02-2021,546.51,553.09,538,538.85,"37,55,574"
01-03-2021,545.57,552.14,542,550.64,"30,42,180"
02-03-2021,553.34,556.99,546.02,547.82,"30,42,226"
03-03-2021,545.93,548.01,517.81,520.7,"53,62,443"
04-03-2021,521.5,531.5,507.68,511.29,"50,34,792"
05-03-2021,511.98,517.76,498.79,516.39,"50,69,973"
08-03-2021,514.46,518.84,492.85,493.33,"39,81,758"
09-03-2021,507.31,513.11,503.82,506.44,"34,70,042"
10-03-2021,513.5,518.97,504.25,504.54,"37,71,484"
11-03-2021,512.21,530.24,510.71,523.06,"47,14,469"
12-03-2021,512.5,526.51,506.59,518.02,"39,81,743"
15-03-2021,516.32,520.73,508.03,520.25,"34,85,519"
16-03-2021,524.47,533.42,523.21,524.03,"32,38,888"
17-03-2021,522,528.37,514.3,524.44,"28,17,376"
18-03-2021,516.4,517.9,503.85,504.79,"40,96,606"
19-03-2021,504.96,513.19,501.63,512.18,"43,86,360"
22-03-2021,509.13,529.31,509.13,523.11,"33,60,587"
23-03-2021,529.87,543.12,529.4,535.09,"55,83,461"
24-03-2021,533.78,534.42,520,520.81,"41,02,211"
25-03-2021,516.99,518.53,497,502.86,"49,26,764"
26-03-2021,502.82,508.72,496.68,508.05,"34,67,797"
29-03-2021,505.66,518,504.4,513.95,"33,30,049"
30-03-2021,510.51,514.41,506.91,513.39,"24,18,129"
31-03-2021,515.68,528.13,515.44,521.66,"35,03,111"
01-04-2021,529.93,540.5,527.03,539.42,"39,38,637"
05-04-2021,540.01,542.85,529.23,540.67,"33,55,904"
06-04-2021,544.81,554.17,543.3,544.53,"34,74,205"
07-04-2021,543.5,549.64,541.45,546.99,"21,51,319"
08-04-2021,551.13,556.9,547.57,554.58,"43,09,829"
09-04-2021,552.69,556.9,547.11,555.31,"28,94,034"
12-04-2021,551.05,557.98,549.58,552.78,"29,44,060"
13-04-2021,557,559.75,550.3,553.73,"27,20,344"
14-04-2021,554.87,554.87,538.53,540.02,"37,40,294"
15-04-2021,544.17,553.49,542.66,549.22,"31,39,050"
16-04-2021,550.54,551.98,539.51,546.54,"32,09,075"
19-04-2021,546.9,556.44,545.53,554.44,"42,88,715"
20-04-2021,554.42,563.56,546.3,549.57,"1,12,57,650"
21-04-2021,508,515.46,503.6,508.9,"2,28,97,449"
22-04-2021,513.82,513.96,500.55,508.78,"90,61,062"
23-04-2021,509.01,509.7,500.7,505.55,"73,14,659"
26-04-2021,506.76,510.48,503,510.3,"43,88,839"
27-04-2021,512.62,512.99,504.58,505.55,"37,61,327"
28-04-2021,505.2,508.4,503.34,506.52,"31,92,983"
29-04-2021,507.6,509.29,499,509,"51,27,792"
30-04-2021,505,514.55,505,513.47,"44,13,242"
03-05-2021,512.65,518.95,505.2,509.11,"40,91,895"
04-05-2021,510.78,511.63,496.79,503.18,"43,49,502"
05-05-2021,504.99,507.78,494.63,496.08,"31,29,366"
06-05-2021,495.99,499.55,491.37,499.55,"37,83,698"
07-05-2021,504.62,508.55,501.12,503.84,"31,32,786"
10-05-2021,502,503.15,486.11,486.69,"51,31,632"
11-05-2021,479.75,497.99,478.63,495.08,"44,01,000"
12-05-2021,486.83,493.54,482.7,484.98,"41,21,540"
13-05-2021,489.13,490.78,482.71,486.66,"27,16,561"
14-05-2021,487.86,494.85,486.59,493.37,"28,82,464"
17-05-2021,485.59,492.71,482.81,488.94,"27,01,057"
18-05-2021,488.4,493.48,486.19,486.28,"23,50,496"
19-05-2021,481.63,488.57,478.54,487.7,"33,49,930"
20-05-2021,489.55,502.7,488.98,501.67,"37,21,218"
21-05-2021,503.12,505.4,497.26,497.89,"33,22,925"
24-05-2021,501.05,504.25,499.51,502.9,"24,12,595"
25-05-2021,506,506.37,499.22,501.34,"26,99,459"
26-05-2021,502.34,504.14,500.5,502.36,"24,65,303"
27-05-2021,501.8,505.1,498.54,503.86,"32,53,773"
28-05-2021,504.4,511.76,502.53,502.81,"29,11,297"
01-06-2021,504.01,505.41,497.74,499.08,"24,82,555"
02-06-2021,499.82,503.22,495.82,499.24,"22,68,979"
03-06-2021,495.19,496.66,487.25,489.43,"38,87,445"
04-06-2021,492,501.86,490.95,494.74,"31,60,487"
07-06-2021,492.92,496.7,490.55,494.66,"27,91,932"
08-06-2021,497,498.82,489.37,492.39,"23,74,037"
09-06-2021,494.5,496.09,484.65,485.81,"30,55,029"
10-06-2021,487.17,490.21,482.14,487.27,"43,82,928"
11-06-2021,490,491.41,487.78,488.77,"31,23,969"
14-06-2021,489.68,503.5,486.91,499.89,"44,00,222"
15-06-2021,501.23,501.23,490.4,491.9,"31,04,073"
16-06-2021,495,496.46,486.28,492.41,"35,33,206"
17-06-2021,490.25,501.8,490.15,498.34,"31,98,273"
18-06-2021,496.4,504.49,495.24,500.77,"51,97,576"
21-06-2021,501.64,502.05,492.28,497,"52,77,297"
22-06-2021,498.54,513.55,495.8,508.82,"58,09,271"
23-06-2021,508.48,516.63,508.2,512.74,"39,44,782"
24-06-2021,517.96,520.96,514.4,518.06,"33,61,202"
25-06-2021,528.84,533.06,525,527.07,"52,99,072"
28-06-2021,528.12,533.94,524.56,533.03,"28,20,227"
29-06-2021,533.55,536.13,528.57,533.5,"23,14,647"
30-06-2021,534.06,534.38,526.82,528.21,"27,73,445"
01-07-2021,525.72,537.04,525.72,533.54,"28,05,402"
02-07-2021,535.5,538.54,529.39,533.98,"19,80,316"
06-07-2021,533,542.86,533,541.64,"27,75,051"
07-07-2021,544.24,544.64,531.66,535.96,"27,22,498"
08-07-2021,530.93,535.5,529.09,530.76,"32,68,988"
09-07-2021,531,538.26,528.58,535.98,"27,77,231"
12-07-2021,540.3,540.65,532.92,537.31,"17,80,738"
13-07-2021,535.76,545.33,535.76,540.68,"27,51,593"
14-07-2021,541.01,554.1,541.01,547.95,"46,59,535"
15-07-2021,553.97,557.54,538.2,542.95,"57,13,873"
16-07-2021,541.81,544.06,527.05,530.31,"34,42,101"
19-07-2021,526.05,534.91,522.24,532.28,"38,85,764"
20-07-2021,526.07,536.64,520.3,531.05,"69,30,440"
21-07-2021,526.13,530.99,505.61,513.63,"1,19,06,790"
22-07-2021,510.21,513.68,507,511.77,"43,28,061"
23-07-2021,512.16,517.41,504.66,515.41,"38,20,478"
26-07-2021,514.38,521.13,509.01,516.49,"22,54,538"
27-07-2021,518.08,521.95,512.05,518.91,"27,59,037"
28-07-2021,521.82,524.47,516.98,519.3,"23,90,466"
29-07-2021,519.96,520.78,513.79,514.25,"17,36,014"
30-07-2021,512.69,519.79,510.96,517.57,"25,37,107"
02-08-2021,519,519.85,510.51,515.15,"20,96,632"
03-08-2021,514.39,515.63,505.37,510.82,"25,79,427"
04-08-2021,513,517.98,510.37,517.35,"20,39,374"
05-08-2021,517.13,525.41,514.02,524.89,"25,56,687"
06-08-2021,524,526.84,519.39,520.55,"19,19,798"
09-08-2021,521.15,522.67,517.99,519.97,"13,67,782"
10-08-2021,520,520.79,512.97,515.84,"19,60,544"
11-08-2021,517,519.57,509.77,512.4,"16,73,904"
12-08-2021,511.86,513,507.2,510.72,"16,86,170"
13-08-2021,512.64,521.44,511.51,515.92,"21,77,736"
16-08-2021,515.24,523.38,512.3,517.92,"20,33,176"
17-08-2021,515.47,520.79,514.2,518.91,"23,09,803"
18-08-2021,520,526.38,518.65,521.87,"25,82,046"
19-08-2021,522.74,548.39,521.87,543.71,"74,97,292"
20-08-2021,545.09,551.39,539.1,546.88,"37,76,429"
23-08-2021,545.98,555.55,543.74,553.33,"26,02,010"
24-08-2021,551.48,555.31,549.27,553.41,"21,09,525"
25-08-2021,550.16,552.84,545.45,547.58,"20,65,621"
26-08-2021,546.16,552.6,545.9,550.12,"15,95,499"
27-08-2021,551.6,564.17,549.25,558.92,"32,52,595"
30-08-2021,557.25,567.16,556.45,566.18,"24,34,839"
31-08-2021,566.12,569.48,561.61,569.19,"24,31,886"
01-09-2021,569,591,569,582.07,"56,26,214"
02-09-2021,583.68,598.76,583.68,588.55,"61,84,782"
03-09-2021,585.8,591.88,583.14,590.53,"26,84,005"
07-09-2021,594.69,613.85,593.99,606.71,"58,30,979"
08-09-2021,603.84,615.6,595.71,606.05,"54,24,503"
09-09-2021,606.47,609.44,596.55,597.54,"29,54,214"
10-09-2021,598.16,609.45,593.67,598.72,"39,50,764"
13-09-2021,598.57,598.57,582.78,589.29,"30,62,871"
14-09-2021,584.89,587.28,575.56,577.76,"34,56,958"
15-09-2021,578.17,584.62,575.37,582.87,"27,55,615"
16-09-2021,584.3,587.48,577.72,586.5,"18,32,028"
17-09-2021,587.85,590.28,580.85,589.35,"41,45,145"
20-09-2021,586.79,591.53,568.08,575.43,"37,32,227"
21-09-2021,578.31,581.88,569.37,573.14,"22,50,884"
22-09-2021,579.69,595.65,579.69,590.65,"40,21,845"
23-09-2021,590.79,599.32,589.13,593.26,"25,26,161"
24-09-2021,592.5,592.98,583.64,592.39,"21,26,246"
27-09-2021,587.95,593.58,576.93,592.64,"25,04,738"
28-09-2021,589,599.54,580.16,583.85,"44,31,051"
29-09-2021,589.01,609.88,588.01,599.06,"62,21,026"
30-09-2021,608.05,619,608.05,610.34,"66,16,040"
01-10-2021,604.24,614.99,597.51,613.15,"40,90,847"
04-10-2021,613.39,626.13,594.68,603.35,"49,95,932"
05-10-2021,606.94,640.39,606.89,634.81,"95,34,293"
06-10-2021,628.18,639.87,626.36,639.1,"45,80,434"
07-10-2021,642.23,646.84,630.45,631.85,"35,56,886"
08-10-2021,634.17,643.8,630.86,632.66,"32,72,093"
11-10-2021,633.2,639.42,626.78,627.04,"28,62,470"
12-10-2021,633.02,637.66,621.99,624.94,"32,27,349"
13-10-2021,632.18,632.18,622.1,629.76,"24,24,638"
14-10-2021,632.23,636.88,626.79,633.8,"26,72,535"
15-10-2021,638,639.42,625.16,628.29,"41,16,874"
18-10-2021,632.1,638.41,620.59,637.97,"46,69,071"
19-10-2021,636.97,641,632.3,639,"76,33,147"
20-10-2021,625.57,637.4,617.15,625.14,"1,06,22,000"
21-10-2021,628.89,654.01,628.65,653.16,"84,37,070"
22-10-2021,651.81,665.46,651.81,664.78,"61,86,016"
25-10-2021,663.74,675.88,657.07,671.66,"38,33,526"
26-10-2021,673.76,676.49,662.77,668.52,"29,04,840"
27-10-2021,669,671.41,661.85,662.92,"22,76,914"
28-10-2021,670.95,676.8,668.03,674.05,"28,59,409"
29-10-2021,673.06,690.97,671.24,690.31,"38,25,279"
01-11-2021,689.06,689.97,676.54,681.17,"31,10,911"
02-11-2021,683.11,687.68,673.82,677.72,"38,88,597"
03-11-2021,677.27,689.39,677.27,688.29,"23,34,852"
04-11-2021,685.89,685.94,665.5,668.4,"48,65,023"
05-11-2021,663.97,665.64,645.01,645.72,"52,83,488"
08-11-2021,650.29,656,643.79,651.45,"28,87,523"
09-11-2021,653.7,660.5,650.52,655.99,"24,15,630"
10-11-2021,653.01,660.33,642.11,646.91,"24,05,785"
11-11-2021,650.24,665.82,649.71,657.58,"28,68,311"
12-11-2021,660.01,683.34,653.82,682.61,"41,98,410"
15-11-2021,681.24,685.26,671.49,679.33,"28,72,186"
16-11-2021,678.27,688.36,676.9,687.4,"20,77,387"
17-11-2021,690,700.99,686.09,691.69,"27,32,831"
18-11-2021,691.61,691.74,679.74,682.02,"20,14,992"
19-11-2021,692.35,694.16,675,678.8,"26,14,852"
22-11-2021,676.02,679.48,656.47,659.2,"27,65,318"
23-11-2021,658.18,666.43,646.05,654.06,"23,20,917"
24-11-2021,658.01,661.44,651.1,658.29,"18,67,282"
26-11-2021,675,676.41,660.67,665.64,"28,72,513"
29-11-2021,663.2,667.99,658.29,663.84,"25,29,364"
30-11-2021,668.2,675.38,640.01,641.9,"56,08,919"
01-12-2021,649.48,654.52,617.07,617.77,"38,97,019"
02-12-2021,617.1,625.36,612.88,616.47,"33,31,131"
03-12-2021,622.75,625.5,594,602.13,"48,29,282"
06-12-2021,606.01,617.29,601,612.69,"30,75,672"
07-12-2021,619.83,628.89,611.4,625.58,"31,25,190"
08-12-2021,630,632.46,623.2,628.08,"22,20,308"
09-12-2021,627.58,630.24,610.44,611,"23,76,321"
10-12-2021,616.78,617.74,605.88,611.66,"27,48,774"
13-12-2021,612,612.64,599.52,604.56,"25,17,915"
14-12-2021,598.71,602.29,588.13,597.99,"29,84,536"
15-12-2021,598.18,605.69,584.51,605.04,"28,66,196"
16-12-2021,597.09,602.83,588,591.06,"31,43,217"
17-12-2021,591.61,593.25,581.74,586.73,"44,33,706"
20-12-2021,586.43,602.88,584.26,593.74,"33,58,404"
21-12-2021,597.54,607.82,593.86,604.92,"23,19,390"
22-12-2021,603.36,614.82,602.63,614.24,"23,35,745"
23-12-2021,616.4,616.88,607.57,614.09,"16,21,146"
27-12-2021,615,615,609.25,613.12,"20,62,233"
28-12-2021,614.95,618.41,609.69,610.71,"18,84,116"
29-12-2021,610.71,613.98,604.68,610.54,"12,87,513"
30-12-2021,612.99,620.61,611.24,612.09,"16,25,093"
31-12-2021,610.01,614.08,602.05,602.44,"19,95,918"
03-01-2022,605.61,609.99,590.56,597.37,"30,68,808"
04-01-2022,599.91,600.41,581.6,591.15,"43,93,135"
05-01-2022,592,592.84,566.88,567.52,"41,48,749"
06-01-2022,554.34,563.36,542.01,553.29,"57,11,795"
07-01-2022,549.46,553.43,538.22,541.06,"33,82,873"
10-01-2022,538.49,543.69,526.32,539.85,"44,86,145"
11-01-2022,536.99,543.91,530.07,540.84,"30,77,836"
12-01-2022,544.27,544.27,532.02,537.22,"37,87,372"
13-01-2022,537.06,540.79,518.26,519.2,"44,75,063"
14-01-2022,517.6,538.37,511.88,525.69,"78,61,109"
18-01-2022,520.08,521.75,508.68,510.8,"48,44,418"
19-01-2022,515,523.21,510.51,515.86,"43,53,508"
20-01-2022,517.75,526.64,506.93,508.25,"1,26,58,990"
21-01-2022,400.43,409.15,379.99,397.5,"5,89,04,273"
24-01-2022,383.91,387.26,351.46,387.15,"3,23,86,779"
25-01-2022,379.14,387.71,365.13,366.42,"1,51,45,820"
26-01-2022,378.27,382.66,356.62,359.7,"1,26,83,980"
27-01-2022,382.06,394.8,378.1,386.7,"2,43,24,750"
28-01-2022,386.76,387,372.08,384.36,"1,19,66,610"
31-01-2022,401.97,427.7,398.2,427.14,"2,00,47,449"
01-02-2022,432.96,458.48,425.54,457.13,"2,25,68,100"
02-02-2022,448.25,451.98,426.48,429.48,"1,43,46,010"
03-02-2022,421.44,429.26,404.28,405.6,"99,05,210"
04-02-2022,407.31,412.77,396.64,410.17,"77,89,798"
07-02-2022,410.17,412.35,393.55,402.1,"82,32,859"
08-02-2022,398.18,406.61,395.83,403.53,"68,18,543"
09-02-2022,408.65,412.98,398.79,412.89,"77,38,227"
10-02-2022,402.1,408,396.36,406.27,"84,52,915"
11-02-2022,405.33,411.61,387.65,391.31,"75,58,939"
14-02-2022,387.59,409.36,386.89,396.57,"72,02,155"
15-02-2022,403.79,409.16,401.01,407.46,"53,95,641"
16-02-2022,401.53,401.56,390.38,398.08,"52,77,650"
17-02-2022,394.24,399.11,385.7,386.67,"46,69,222"
18-02-2022,392.53,402.87,389.05,391.29,"68,01,668"
22-02-2022,388.95,392.42,373.02,377.38,"66,97,515"
23-02-2022,382.72,386,366.66,367.46,"46,14,290"
24-02-2022,355.09,390.73,354.72,390.03,"70,68,724"
25-02-2022,386.61,391.29,375.58,390.8,"48,41,636"
28-02-2022,387.33,397.75,382.13,394.52,"50,35,046"
01-03-2022,391.6,395,383.71,386.24,"32,90,439"
02-03-2022,388.93,389.22,375.21,380.03,"53,56,809"
03-03-2022,386,386.12,364.65,368.07,"60,76,836"
